flagCode,country,AverageHeightBoysAge19_2019,AverageHeightGirlsAge19_2019,,
NL,Netherlands,183.78,170.36,,
ME,Montenegro,183.3,169.96,,
EE,Estonia,182.79,168.66,,
BA,Bosnia and Herzegovina,182.47,167.47,,
IS,Iceland,182.1,168.91,,
DK,Denmark,181.89,169.47,,
CZ,Czechia,181.19,167.96,,
LV,Latvia,181.17,168.81,,
SK,Slovakia,181.02,167.12,,
UA,Ukraine,180.98,166.62,,
SI,Slovenia,180.98,167.2,,
HR,Croatia,180.76,166.8,,
RS,Serbia,180.74,168.29,,
LT,Lithuania,180.72,167.63,,
PL,Poland,180.69,165.78,,
FI,Finland,180.57,166.48,,
NO,Norway,180.48,166.45,,
SE,Sweden,180.46,166.67,,
DE,Germany,180.28,166.18,,
DM,Dominica,180.15,166.89,,
BM,Bermuda,179.72,166.11,,
PR,Puerto Rico,179.48,163.06,,
GR,Greece,179.26,165.81,,
BE,Belgium,179.09,163.4,,
IE,Ireland,179.04,164.5,,
LB,Lebanon,178.96,163.67,,
AG,Antigua and Barbuda,178.84,165.72,,
AD,Andorra,178.84,165.53,,
AU,Australia,178.77,164.67,,
CA,Canada,178.75,164.73,,
CH,Switzerland,178.73,164.33,,
GD,Grenada,178.7,165.99,,
BY,Belarus,178.69,166.93,,
FR,France,178.6,164.49,,
AT,Austria,178.52,166.93,,
LU,Luxembourg,178.46,165.07,,
PF,French Polynesia,178.32,166.52,,
CK,Cook Islands,178.32,167.31,,
GB,United Kingdom,178.21,163.94,,
RO,Romania,177.82,164.73,,
NZ,New Zealand,177.72,164.66,,
VC,Saint Vincent and the Grenadines,177.49,165.3,,
NU,Niue,177.19,167.03,,
AS,American Samoa,177.09,167.55,,
BB,Barbados,177.03,165.66,,
JM,Jamaica,176.97,164.32,,
TN,Tunisia,176.85,161.69,,
RU,Russia,176.65,164.52,,
HU,Hungary,176.59,162.55,,
LC,Saint Lucia,176.43,165.52,,
LY,Libya,176.39,162.56,,
TR,Turkey,176.36,161.8,,
MA,Morocco,176.35,161.18,,
CV,Cape Verde,176.29,163.1,,
SN,Senegal,176.18,163.92,,
ES,Spain,176.11,162.03,,
TK,Tokelau,176.06,166.08,,
TT,Trinidad and Tobago,176.03,163.38,,
IL,Israel,175.98,162.22,,
GE,Georgia,175.98,163.24,,
SC,Seychelles,175.9,162.47,,
BR,Brazil,175.73,162.41,,
CN,China,175.66,163.46,,
IR,Iran,175.62,161.18,,
MD,Moldova,175.59,162.96,,
KR,South Korea,175.52,163.23,,
KZ,Kazakhstan,175.5,161.74,,
TO,Tonga,175.11,166.08,,
PS,Palestine,175.05,161.28,,
DZ,Algeria,175.04,162.35,,
ML,Mali,175.02,161.99,,
KW,Kuwait,174.96,160.1,,
JO,Jordan,174.84,159.46,,
HK,Hong Kong,174.83,160.62,,
AR,Argentina,174.75,161.22,,
KP,North Korea,174.69,161.22,,
DO,Dominican Republic,174.65,161.21,,
EG,Egypt,174.57,160.88,,
SR,Suriname,174.51,162.26,,
IT,Italy,174.42,161.81,,
WS,Samoa,174.42,163.82,,
BS,Bahamas,174.4,163.46,,
MT,Malta,174.38,162.95,,
PT,Portugal,174.37,161.23,,
TM,Turkmenistan,174.37,162.83,,
UY,Uruguay,174.32,161.56,,
BG,Bulgaria,174.17,164.58,,
AE,United Arab Emirates,174.08,160.53,,
AL,Albania,174.07,162.23,,
CR,Costa Rica,174.04,160.36,,
AZ,Azerbaijan,174,161.37,,
FJ,Fiji,173.98,164.28,,
GL,Greenland,173.84,161.4,,
PY,Paraguay,173.81,159.76,,
IQ,Iraq,173.79,158.75,,
KN,Saint Kitts and Nevis,173.71,162.78,,
AM,Armenia,173.67,159.85,,
CU,Cuba,173.56,160.13,,
VE,Venezuela,173.53,160.04,,
TW,Taiwan,173.53,160.7,,
SG,Singapore,173.5,161.3,,
QA,Qatar,173.27,160.72,,
BW,Botswana,173.16,162.06,,
MU,Mauritius,173.01,158.94,,
CL,Chile,172.88,159.42,,
BH,Bahrain,172.76,158.29,,
CY,Cyprus,172.75,160.55,,
HT,Haiti,172.23,160.57,,
GY,Guyana,172.15,159.57,,
CM,Cameroon,172.13,160.41,,
SD,Sudan,172.07,160.36,,
JP,Japan,172.06,158.5,,
BF,Burkina Faso,171.89,161.33,,
CO,Colombia,171.85,157.96,,
TD,Chad,171.84,162.12,,
OM,Oman,171.7,158.44,,
KG,Kyrgyzstan,171.66,160.2,,
TH,Thailand,171.61,159.42,,
NG,Nigeria,171.55,158.14,,
TV,Tuvalu,171.3,163.57,,
CG,Republic of the Congo,171.23,158.78,,
SO,Somalia,171.22,159.86,,
UZ,Uzbekistan,170.94,160.29,,
DJ,Djibouti,170.77,159.82,,
GN,Guinea,170.7,158.75,,
ZW,Zimbabwe,170.69,159.85,,
SA,Saudi Arabia,170.67,158.84,,
SV,El Salvador,170.67,156.39,,
MN,Mongolia,170.67,159.89,,
PW,Palau,170.62,159.52,,
ER,Eritrea,170.6,157.58,,
BZ,Belize,170.52,158.12,,
GA,Gabon,170.48,160.05,,
KE,Kenya,170.46,159.43,,
ST,Sao Tome and Principe,170.37,159.81,,
GH,Ghana,170.3,158.86,,
MX,Mexico,170.29,157.9,,
NE,Niger,170.26,159.81,,
PA,Panama,170.19,158.19,,
TG,Togo,170.14,159.13,,
KI,Kiribati,170.09,161.04,,
NI,Nicaragua,169.91,155.62,,
NA,Namibia,169.75,160.26,,
ZA,South Africa,169.63,158.58,,
HN,Honduras,169.59,155.18,,
FM,Micronesia,169.57,159.66,,
NR,Nauru,169.57,157.82,,
MY,Malaysia,169.2,157.06,,
CF,Central African Republic,169.01,159.65,,
VN,Vietnam,168.89,158.43,,
ET,Ethiopia,168.84,157.15,,
UG,Uganda,168.74,158.53,,
CD,DR Congo,168.6,156.3,,
AF,Afghanistan,168.5,156.11,,
AO,Angola,168.46,158.1,,
BJ,Benin,168.44,158.4,,
TJ,Tajikistan,168.43,158.12,,
GM,Gambia,168.36,161.73,,
VU,Vanuatu,168.29,160.48,,
CI,Ivory Coast,168.23,158.65,,
GQ,Equatorial Guinea,168.18,158.05,,
BO,Bolivia,168.1,155.58,,
LK,Sri Lanka,168.07,155.88,,
LS,Lesotho,167.92,156.72,,
MV,Maldives,167.87,154.28,,
KM,Comoros,167.72,156.54,,
ZM,Zambia,167.62,157.32,,
BI,Burundi,167.34,155.08,,
PK,Pakistan,167.33,154.77,,
EC,Ecuador,167.32,155.25,,
BT,Bhutan,167.05,155.15,,
TZ,Tanzania,166.98,156.89,,
PE,Peru,166.75,154.39,,
MM,Myanmar,166.7,154.71,,
IN,India,166.5,155.18,,
SL,Sierra Leone,166.43,157.34,,
BN,Brunei,166.31,154.9,,
ID,Indonesia,166.26,154.36,,
RW,Rwanda,166.02,156.72,,
MW,Malawi,165.68,156.14,,
MR,Mauritania,165.54,160.06,,
LR,Liberia,165.48,156.54,,
KH,Cambodia,165.35,154.75,,
MH,Marshall Islands,165.26,154.76,,
PH,Philippines,165.23,154.14,,
MG,Madagascar,165.16,153.06,,
BD,Bangladesh,165.08,152.38,,
YE,Yemen,164.42,154.76,,
NP,Nepal,164.36,152.39,,
GT,Guatemala,164.36,150.91,,
MZ,Mozambique,164.3,155.42,,
PG,Papua New Guinea,163.1,156.89,,
SB,Solomon Islands,163.07,156.79,,
LA,Laos,162.78,153.1,,
TL,Timor-Leste,160.13,152.71,,
,Global Average,163.0956828596467,151.4674464343427,,
US,United States,177.1,163.3,,
